{
  "info": {
    "name": "API Controle de Estoque",
    "_postman_id": "b20250822233838",
    "description": "Coleção de requests para a API de Controle de Estoque (HttpServer Java).",
    "schema": "https://schema.getpostman.com/json/collection/v2.1.0/collection.json"
  },
  "item": [
    {
      "name": "Produtos",
      "item": [
        {
          "name": "Listar produtos",
          "request": {
            "method": "GET",
            "header": [],
            "url": {
              "raw": "{{baseUrl}}/api/produtos",
              "host": [
                "{{baseUrl}}"
              ],
              "path": [
                "api",
                "produtos"
              ]
            }
          }
        },
        {
          "name": "Listar produtos (buscar e ordenar)",
          "request": {
            "method": "GET",
            "header": [],
            "url": {
              "raw": "{{baseUrl}}/api/produtos?buscar=mouse&ordenarPor=preco",
              "host": [
                "{{baseUrl}}"
              ],
              "path": [
                "api",
                "produtos"
              ],
              "query": [
                {
                  "key": "buscar",
                  "value": "mouse"
                },
                {
                  "key": "ordenarPor",
                  "value": "preco"
                }
              ]
            }
          }
        },
        {
          "name": "Criar produto",
          "request": {
            "method": "POST",
            "header": [
              {
                "key": "Content-Type",
                "value": "application/json"
              }
            ],
            "body": {
              "mode": "raw",
              "raw": "{\n  \"nome\": \"Mouse Gamer\",\n  \"preco\": 129.90,\n  \"quantidade\": 10\n}"
            },
            "url": {
              "raw": "{{baseUrl}}/api/produtos",
              "host": [
                "{{baseUrl}}"
              ],
              "path": [
                "api",
                "produtos"
              ]
            }
          }
        },
        {
          "name": "Obter produto por ID",
          "request": {
            "method": "GET",
            "header": [],
            "url": {
              "raw": "{{baseUrl}}/api/produtos/:id",
              "host": [
                "{{baseUrl}}"
              ],
              "path": [
                "api",
                "produtos",
                ":id"
              ],
              "variable": [
                {
                  "key": "id",
                  "value": "<ID>"
                }
              ]
            }
          }
        },
        {
          "name": "Alterar preço",
          "request": {
            "method": "PATCH",
            "header": [
              {
                "key": "Content-Type",
                "value": "application/json"
              }
            ],
            "body": {
              "mode": "raw",
              "raw": "{ \"novoPreco\": 119.90 }"
            },
            "url": {
              "raw": "{{baseUrl}}/api/produtos/:id/preco",
              "host": [
                "{{baseUrl}}"
              ],
              "path": [
                "api",
                "produtos",
                ":id",
                "preco"
              ],
              "variable": [
                {
                  "key": "id",
                  "value": "<ID>"
                }
              ]
            }
          }
        },
        {
          "name": "Renomear produto",
          "request": {
            "method": "PATCH",
            "header": [
              {
                "key": "Content-Type",
                "value": "application/json"
              }
            ],
            "body": {
              "mode": "raw",
              "raw": "{ \"novoNome\": \"Mouse Sem Fio\" }"
            },
            "url": {
              "raw": "{{baseUrl}}/api/produtos/:id/renomear",
              "host": [
                "{{baseUrl}}"
              ],
              "path": [
                "api",
                "produtos",
                ":id",
                "renomear"
              ],
              "variable": [
                {
                  "key": "id",
                  "value": "<ID>"
                }
              ]
            }
          }
        },
        {
          "name": "Ajustar quantidade",
          "request": {
            "method": "PATCH",
            "header": [
              {
                "key": "Content-Type",
                "value": "application/json"
              }
            ],
            "body": {
              "mode": "raw",
              "raw": "{ \"novaQuantidade\": 25 }"
            },
            "url": {
              "raw": "{{baseUrl}}/api/produtos/:id/quantidade",
              "host": [
                "{{baseUrl}}"
              ],
              "path": [
                "api",
                "produtos",
                ":id",
                "quantidade"
              ],
              "variable": [
                {
                  "key": "id",
                  "value": "<ID>"
                }
              ]
            }
          }
        },
        {
          "name": "Registrar venda",
          "request": {
            "method": "POST",
            "header": [
              {
                "key": "Content-Type",
                "value": "application/json"
              }
            ],
            "body": {
              "mode": "raw",
              "raw": "{ \"quantidade\": 2 }"
            },
            "url": {
              "raw": "{{baseUrl}}/api/produtos/:id/vendas",
              "host": [
                "{{baseUrl}}"
              ],
              "path": [
                "api",
                "produtos",
                ":id",
                "vendas"
              ],
              "variable": [
                {
                  "key": "id",
                  "value": "<ID>"
                }
              ]
            }
          }
        },
        {
          "name": "Remover produto",
          "request": {
            "method": "DELETE",
            "header": [],
            "url": {
              "raw": "{{baseUrl}}/api/produtos/:id",
              "host": [
                "{{baseUrl}}"
              ],
              "path": [
                "api",
                "produtos",
                ":id"
              ],
              "variable": [
                {
                  "key": "id",
                  "value": "<ID>"
                }
              ]
            }
          }
        }
      ]
    },
    {
      "name": "Movimentações",
      "item": [
        {
          "name": "Listar histórico",
          "request": {
            "method": "GET",
            "header": [],
            "url": {
              "raw": "{{baseUrl}}/api/movimentacoes",
              "host": [
                "{{baseUrl}}"
              ],
              "path": [
                "api",
                "movimentacoes"
              ]
            }
          }
        }
      ]
    },
    {
      "name": "Configuração",
      "item": [
        {
          "name": "Obter limite de estoque baixo",
          "request": {
            "method": "GET",
            "header": [],
            "url": {
              "raw": "{{baseUrl}}/api/config/limite-baixa",
              "host": [
                "{{baseUrl}}"
              ],
              "path": [
                "api",
                "config",
                "limite-baixa"
              ]
            }
          }
        },
        {
          "name": "Definir limite de estoque baixo",
          "request": {
            "method": "PUT",
            "header": [],
            "url": {
              "raw": "{{baseUrl}}/api/config/limite-baixa/3",
              "host": [
                "{{baseUrl}}"
              ],
              "path": [
                "api",
                "config",
                "limite-baixa",
                "3"
              ]
            }
          }
        }
      ]
    }
  ],
  "variable": [
    {
      "key": "baseUrl",
      "value": "http://localhost:8080"
    }
  ]
}